종목코드,종목명,KSIC코드,업종그룹
005930,삼성전자,264,전기전자
000660,SK하이닉스,2612,전기전자
035420,NAVER,63120,소프트웨어/IT서비스
068270,셀트리온,21100,제약바이오
005380,현대차,30121,자동차/부품
005935,삼성전자우,,기타
402340,SK스퀘어,64992,금융
009150,삼성전기,2622,전기전자
373220,LG에너지솔루션,28202,전기장비
207940,삼성바이오로직스,211,제약바이오
105560,KB금융,64992,금융
028260,삼성물산,467,유통/도소매
032830,삼성생명,65110,금융
012450,한화에어로스페이스,31321,조선/운송장비
034020,두산에너빌리티,29119,기계/장비
055550,신한지주,64992,금융
329180,HD현대중공업,31113,조선/운송장비
000270,기아,30121,자동차/부품
034730,SK,64992,금융
006400,삼성SDI,28202,전기장비
086790,하나금융지주,64992,금융
066570,LG전자,264,전기전자
012330,현대모비스,303,자동차/부품
010120,LS ELECTRIC,28121,전기장비
000810,삼성화재,65121,금융
298040,효성중공업,281,전기장비
316140,우리금융지주,64992,금융
267260,HD현대일렉트릭,281,전기장비
096770,SK이노베이션,192,화학/정유
005490,POSCO홀딩스,2411,철강/비금속
